#CODE;ENGLISH;FRENCH;GERMAN;;SPANISH;;;;;;;;;x

###Hireling Menu Options
show_hirelings;Show Hireling Decisions;;;;;;;;;;;;;x
show_hirelings_desc;Show Hirelings in the Menu;;;;;;;;;;;;;x
hide_hirelings;Hide Hireling Decisions;;;;;;;;;;;;;x
hide_hirelings_desc;Hide Hirelings in the Menu;;;;;;;;;;;;;x

###Hirelings
hire_soldier;Employ Soldier;;;;;;;;;;;;;x
hire_soldier_desc;Invite a soldier to court;;;;;;;;;;;;;x
hire_diplomat;Employ Diplomat;;;;;;;;;;;;;x
hire_diplomat_desc;Invite a diplomat to court;;;;;;;;;;;;;x
hire_steward;Employ Steward;;;;;;;;;;;;;x
hire_steward_desc;Invite a Steward to court;;;;;;;;;;;;;x
hire_intriguer;Employ Intriguer;;;;;;;;;;;;;x
hire_intriguer_desc;Invite an intriguer to court;;;;;;;;;;;;;x
hire_theologian;Employ Theologian;;;;;;;;;;;;;x
hire_theologian_desc;Invite a Theologian to court;;;;;;;;;;;;;x


##Females
hire_female;Employ Female;;;;;;;;;;;;;x
hire_female_desc;Hire a good female;;;;;;;;;;;;;x

###Experimenting on dynastic members

hire_male_child;Dynasty Male Child;;;;;;;;;;;;;x
hire_male_child_desc;Find a Male child of your Dynasty.;;;;;;;;;;;;;x
hire_female_child;Dynasty Female Child;;;;;;;;;;;;;x
hire_female_child_desc;Find a Female child of your Dynasty.;;;;;;;;;;;;;x